date,location,visitors,sales
2024-03-01,DMA1,6343,6343
2024-03-01,DMA2,3763,3763
2024-03-01,DMA3,6081,6081
2024-03-01,DMA4,6386,6386
2024-03-01,DMA5,6114,6114
2024-03-01,DMA6,4920,4920
2024-03-01,DMA7,4516,4516
2024-03-01,DMA8,3599,3599
2024-03-01,DMA9,5053,5053
2024-03-01,DMA10,4465,4465
2024-03-01,DMA11,4091,4091
2024-03-01,DMA12,3689,3689
2024-03-01,DMA13,6000,6000
2024-03-01,DMA14,6771,6771
2024-03-01,DMA15,3697,3697
2024-03-01,DMA16,6529,6529
2024-03-01,DMA17,3556,3556
2024-03-01,DMA18,4092,4092
2024-03-01,DMA19,3683,3683
2024-03-01,DMA20,3543,3543
2024-03-02,DMA1,5322,5322
2024-03-02,DMA2,3679,3679
2024-03-02,DMA3,4871,4871
2024-03-02,DMA4,4898,4898
2024-03-02,DMA5,3589,3589
2024-03-02,DMA6,6590,6590
2024-03-02,DMA7,5986,5986
2024-03-02,DMA8,5728,5728
2024-03-02,DMA9,6864,6864
2024-03-02,DMA10,4193,4193
2024-03-02,DMA11,5238,5238
2024-03-02,DMA12,6419,6419
2024-03-02,DMA13,5631,5631
2024-03-02,DMA14,4728,4728
2024-03-02,DMA15,6703,6703
2024-03-02,DMA16,5993,5993
2024-03-02,DMA17,6099,6099
2024-03-02,DMA18,4034,4034
2024-03-02,DMA19,3398,3398
2024-03-02,DMA20,6103,6103
2024-03-03,DMA1,3544,3544
2024-03-03,DMA2,6749,6749
2024-03-03,DMA3,7271,7271
2024-03-03,DMA4,4970,4970
2024-03-03,DMA5,5656,5656
2024-03-03,DMA6,4193,4193
2024-03-03,DMA7,4556,4556
2024-03-03,DMA8,3769,3769
2024-03-03,DMA9,4052,4052
2024-03-03,DMA10,4404,4404
2024-03-03,DMA11,7291,7291
2024-03-03,DMA12,7324,7324
2024-03-03,DMA13,5275,5275
2024-03-03,DMA14,7274,7274
2024-03-03,DMA15,6734,6734
2024-03-03,DMA16,5839,5839
2024-03-03,DMA17,6803,6803
2024-03-03,DMA18,5046,5046
2024-03-03,DMA19,6734,6734
2024-03-03,DMA20,4640,4640
2024-03-04,DMA1,7459,7459
2024-03-04,DMA2,3711,3711
2024-03-04,DMA3,5725,5725
2024-03-04,DMA4,7232,7232
2024-03-04,DMA5,7106,7106
2024-03-04,DMA6,3702,3702
2024-03-04,DMA7,5647,5647
2024-03-04,DMA8,6887,6887
2024-03-04,DMA9,4651,4651
2024-03-04,DMA10,4903,4903
2024-03-04,DMA11,4820,4820
2024-03-04,DMA12,5265,5265
2024-03-04,DMA13,4069,4069
2024-03-04,DMA14,5663,5663
2024-03-04,DMA15,5684,5684
2024-03-04,DMA16,5864,5864
2024-03-04,DMA17,7212,7212
2024-03-04,DMA18,5414,5414
2024-03-04,DMA19,7171,7171
2024-03-04,DMA20,4563,4563
2024-03-05,DMA1,7320,7320
2024-03-05,DMA2,5879,5879
2024-03-05,DMA3,4158,4158
2024-03-05,DMA4,7495,7495
2024-03-05,DMA5,6961,6961
2024-03-05,DMA6,5940,5940
2024-03-05,DMA7,6362,6362
2024-03-05,DMA8,6908,6908
2024-03-05,DMA9,4602,4602
2024-03-05,DMA10,6779,6779
2024-03-05,DMA11,6225,6225
2024-03-05,DMA12,6127,6127
2024-03-05,DMA13,4375,4375
2024-03-05,DMA14,6387,6387
2024-03-05,DMA15,7373,7373
2024-03-05,DMA16,4499,4499
2024-03-05,DMA17,7737,7737
2024-03-05,DMA18,5133,5133
2024-03-05,DMA19,4830,4830
2024-03-05,DMA20,5341,5341
2024-03-06,DMA1,5503,5503
2024-03-06,DMA2,6605,6605
2024-03-06,DMA3,5951,5951
2024-03-06,DMA4,5881,5881
2024-03-06,DMA5,5941,5941
2024-03-06,DMA6,7173,7173
2024-03-06,DMA7,5864,5864
2024-03-06,DMA8,5911,5911
2024-03-06,DMA9,4641,4641
2024-03-06,DMA10,7846,7846
2024-03-06,DMA11,3962,3962
2024-03-06,DMA12,7031,7031
2024-03-06,DMA13,6639,6639
2024-03-06,DMA14,7003,7003
2024-03-06,DMA15,4614,4614
2024-03-06,DMA16,7058,7058
2024-03-06,DMA17,5153,5153
2024-03-06,DMA18,4396,4396
2024-03-06,DMA19,7482,7482
2024-03-06,DMA20,6677,6677
2024-03-07,DMA1,5629,5629
2024-03-07,DMA2,4362,4362
2024-03-07,DMA3,5707,5707
2024-03-07,DMA4,5468,5468
2024-03-07,DMA5,7764,7764
2024-03-07,DMA6,6017,6017
2024-03-07,DMA7,5789,5789
2024-03-07,DMA8,6396,6396
2024-03-07,DMA9,6231,6231
2024-03-07,DMA10,4906,4906
2024-03-07,DMA11,5169,5169
2024-03-07,DMA12,6139,6139
2024-03-07,DMA13,6975,6975
2024-03-07,DMA14,7660,7660
2024-03-07,DMA15,4401,4401
2024-03-07,DMA16,7568,7568
2024-03-07,DMA17,4363,4363
2024-03-07,DMA18,5679,5679
2024-03-07,DMA19,7526,7526
2024-03-07,DMA20,5589,5589
2024-03-08,DMA1,5459,5459
2024-03-08,DMA2,4790,4790
2024-03-08,DMA3,6878,6878
2024-03-08,DMA4,5248,5248
2024-03-08,DMA5,7937,7937
2024-03-08,DMA6,7726,7726
2024-03-08,DMA7,4444,4444
2024-03-08,DMA8,7101,7101
2024-03-08,DMA9,5221,5221
2024-03-08,DMA10,4414,4414
2024-03-08,DMA11,5330,5330
2024-03-08,DMA12,6243,6243
2024-03-08,DMA13,8188,8188
2024-03-08,DMA14,5953,5953
2024-03-08,DMA15,8113,8113
2024-03-08,DMA16,5727,5727
2024-03-08,DMA17,4723,4723
2024-03-08,DMA18,5377,5377
2024-03-08,DMA19,4353,4353
2024-03-08,DMA20,6912,6912
2024-03-09,DMA1,7722,7722
2024-03-09,DMA2,5943,5943
2024-03-09,DMA3,4913,4913
2024-03-09,DMA4,7884,7884
2024-03-09,DMA5,8381,8381
2024-03-09,DMA6,7372,7372
2024-03-09,DMA7,6672,6672
2024-03-09,DMA8,7363,7363
2024-03-09,DMA9,5793,5793
2024-03-09,DMA10,6194,6194
2024-03-09,DMA11,7585,7585
2024-03-09,DMA12,7333,7333
2024-03-09,DMA13,8277,8277
2024-03-09,DMA14,8356,8356
2024-03-09,DMA15,5299,5299
2024-03-09,DMA16,7691,7691
2024-03-09,DMA17,6176,6176
2024-03-09,DMA18,4469,4469
2024-03-09,DMA19,7376,7376
2024-03-09,DMA20,5387,5387
2024-03-10,DMA1,7874,7874
2024-03-10,DMA2,6849,6849
2024-03-10,DMA3,7844,7844
2024-03-10,DMA4,5343,5343
2024-03-10,DMA5,8442,8442
2024-03-10,DMA6,5420,5420
2024-03-10,DMA7,6734,6734
2024-03-10,DMA8,5109,5109
2024-03-10,DMA9,8043,8043
2024-03-10,DMA10,7729,7729
2024-03-10,DMA11,8425,8425
2024-03-10,DMA12,5052,5052
2024-03-10,DMA13,5293,5293
2024-03-10,DMA14,6889,6889
2024-03-10,DMA15,7339,7339
2024-03-10,DMA16,5944,5944
2024-03-10,DMA17,5133,5133
2024-03-10,DMA18,6115,6115
2024-03-10,DMA19,6368,6368
2024-03-10,DMA20,7138,7138
2024-03-11,DMA1,8178,8178
2024-03-11,DMA2,8209,8209
2024-03-11,DMA3,7139,7139
2024-03-11,DMA4,7591,7591
2024-03-11,DMA5,6326,6326
2024-03-11,DMA6,5413,5413
2024-03-11,DMA7,5059,5059
2024-03-11,DMA8,5766,5766
2024-03-11,DMA9,6848,6848
2024-03-11,DMA10,7456,7456
2024-03-11,DMA11,8107,8107
2024-03-11,DMA12,6652,6652
2024-03-11,DMA13,7038,7038
2024-03-11,DMA14,6890,6890
2024-03-11,DMA15,5287,5287
2024-03-11,DMA16,5735,5735
2024-03-11,DMA17,6589,6589
2024-03-11,DMA18,7416,7416
2024-03-11,DMA19,7485,7485
2024-03-11,DMA20,5178,5178
2024-03-12,DMA1,5595,5595
2024-03-12,DMA2,7417,7417
2024-03-12,DMA3,7124,7124
2024-03-12,DMA4,5718,5718
2024-03-12,DMA5,8183,8183
2024-03-12,DMA6,7071,7071
2024-03-12,DMA7,7369,7369
2024-03-12,DMA8,8684,8684
2024-03-12,DMA9,6664,6664
2024-03-12,DMA10,5770,5770
2024-03-12,DMA11,6337,6337
2024-03-12,DMA12,7154,7154
2024-03-12,DMA13,8631,8631
2024-03-12,DMA14,5326,5326
2024-03-12,DMA15,6370,6370
2024-03-12,DMA16,6195,6195
2024-03-12,DMA17,7121,7121
2024-03-12,DMA18,7893,7893
2024-03-12,DMA19,4901,4901
2024-03-12,DMA20,7590,7590
2024-03-13,DMA1,5024,5024
2024-03-13,DMA2,5310,5310
2024-03-13,DMA3,8066,8066
2024-03-13,DMA4,7132,7132
2024-03-13,DMA5,5628,5628
2024-03-13,DMA6,7789,7789
2024-03-13,DMA7,6065,6065
2024-03-13,DMA8,6932,6932
2024-03-13,DMA9,7875,7875
2024-03-13,DMA10,5603,5603
2024-03-13,DMA11,7513,7513
2024-03-13,DMA12,8907,8907
2024-03-13,DMA13,5107,5107
2024-03-13,DMA14,6181,6181
2024-03-13,DMA15,6563,6563
2024-03-13,DMA16,7397,7397
2024-03-13,DMA17,7282,7282
2024-03-13,DMA18,5270,5270
2024-03-13,DMA19,7055,7055
2024-03-13,DMA20,7336,7336
2024-03-14,DMA1,8324,8324
2024-03-14,DMA2,5174,5174
2024-03-14,DMA3,5683,5683
2024-03-14,DMA4,6799,6799
2024-03-14,DMA5,8009,8009
2024-03-14,DMA6,7742,7742
2024-03-14,DMA7,6818,6818
2024-03-14,DMA8,6868,6868
2024-03-14,DMA9,8441,8441
2024-03-14,DMA10,5299,5299
2024-03-14,DMA11,6136,6136
2024-03-14,DMA12,7915,7915
2024-03-14,DMA13,6656,6656
2024-03-14,DMA14,8954,8954
2024-03-14,DMA15,5984,5984
2024-03-14,DMA16,7079,7079
2024-03-14,DMA17,7644,7644
2024-03-14,DMA18,7424,7424
2024-03-14,DMA19,7005,7005
2024-03-14,DMA20,8717,8717
2024-03-15,DMA1,6273,6273
2024-03-15,DMA2,8272,8272
2024-03-15,DMA3,8054,8054
2024-03-15,DMA4,5853,5853
2024-03-15,DMA5,9059,9059
2024-03-15,DMA6,8804,8804
2024-03-15,DMA7,7610,7610
2024-03-15,DMA8,6079,6079
2024-03-15,DMA9,8735,8735
2024-03-15,DMA10,7769,7769
2024-03-15,DMA11,6408,6408
2024-03-15,DMA12,6095,6095
2024-03-15,DMA13,8013,8013
2024-03-15,DMA14,8976,8976
2024-03-15,DMA15,7574,7574
2024-03-15,DMA16,5369,5369
2024-03-15,DMA17,5832,5832
2024-03-15,DMA18,5385,5385
2024-03-15,DMA19,5698,5698
2024-03-15,DMA20,5356,5356
2024-03-16,DMA1,6998,6998
2024-03-16,DMA2,6956,6956
2024-03-16,DMA3,8877,8877
2024-03-16,DMA4,7298,7298
2024-03-16,DMA5,6685,6685
2024-03-16,DMA6,6614,6614
2024-03-16,DMA7,9099,9099
2024-03-16,DMA8,6831,6831
2024-03-16,DMA9,7931,7931
2024-03-16,DMA10,7903,7903
2024-03-16,DMA11,5672,5672
2024-03-16,DMA12,6218,6218
2024-03-16,DMA13,5395,5395
2024-03-16,DMA14,6000,6000
2024-03-16,DMA15,6102,6102
2024-03-16,DMA16,6616,6616
2024-03-16,DMA17,5414,5414
2024-03-16,DMA18,6640,6640
2024-03-16,DMA19,5467,5467
2024-03-16,DMA20,6300,6300
2024-03-17,DMA1,7593,7593
2024-03-17,DMA2,5714,5714
2024-03-17,DMA3,9155,9155
2024-03-17,DMA4,8543,8543
2024-03-17,DMA5,8004,8004
2024-03-17,DMA6,5643,5643
2024-03-17,DMA7,5916,5916
2024-03-17,DMA8,8060,8060
2024-03-17,DMA9,8423,8423
2024-03-17,DMA10,8884,8884
2024-03-17,DMA11,5428,5428
2024-03-17,DMA12,6761,6761
2024-03-17,DMA13,7783,7783
2024-03-17,DMA14,7412,7412
2024-03-17,DMA15,5627,5627
2024-03-17,DMA16,8149,8149
2024-03-17,DMA17,9137,9137
2024-03-17,DMA18,7956,7956
2024-03-17,DMA19,5245,5245
2024-03-17,DMA20,5660,5660
2024-03-18,DMA1,7943,7943
2024-03-18,DMA2,5605,5605
2024-03-18,DMA3,5256,5256
2024-03-18,DMA4,7648,7648
2024-03-18,DMA5,8900,8900
2024-03-18,DMA6,8020,8020
2024-03-18,DMA7,7907,7907
2024-03-18,DMA8,6086,6086
2024-03-18,DMA9,5789,5789
2024-03-18,DMA10,7355,7355
2024-03-18,DMA11,7081,7081
2024-03-18,DMA12,9033,9033
2024-03-18,DMA13,7960,7960
2024-03-18,DMA14,5507,5507
2024-03-18,DMA15,6327,6327
2024-03-18,DMA16,8075,8075
2024-03-18,DMA17,8420,8420
2024-03-18,DMA18,6366,6366
2024-03-18,DMA19,8596,8596
2024-03-18,DMA20,8362,8362
2024-03-19,DMA1,5265,5265
2024-03-19,DMA2,6821,6821
2024-03-19,DMA3,7713,7713
2024-03-19,DMA4,7801,7801
2024-03-19,DMA5,8030,8030
2024-03-19,DMA6,8592,8592
2024-03-19,DMA7,6114,6114
2024-03-19,DMA8,8425,8425
2024-03-19,DMA9,8430,8430
2024-03-19,DMA10,6172,6172
2024-03-19,DMA11,6761,6761
2024-03-19,DMA12,7484,7484
2024-03-19,DMA13,8919,8919
2024-03-19,DMA14,5937,5937
2024-03-19,DMA15,5858,5858
2024-03-19,DMA16,8246,8246
2024-03-19,DMA17,8826,8826
2024-03-19,DMA18,8956,8956
2024-03-19,DMA19,7559,7559
2024-03-19,DMA20,7255,7255
2024-03-20,DMA1,5750,5750
2024-03-20,DMA2,7376,7376
2024-03-20,DMA3,8439,8439
2024-03-20,DMA4,7816,7816
2024-03-20,DMA5,9018,9018
2024-03-20,DMA6,8736,8736
2024-03-20,DMA7,7446,7446
2024-03-20,DMA8,6611,6611
2024-03-20,DMA9,7794,7794
2024-03-20,DMA10,8104,8104
2024-03-20,DMA11,5677,5677
2024-03-20,DMA12,8998,8998
2024-03-20,DMA13,6056,6056
2024-03-20,DMA14,9051,9051
2024-03-20,DMA15,7094,7094
2024-03-20,DMA16,5737,5737
2024-03-20,DMA17,7073,7073
2024-03-20,DMA18,8765,8765
2024-03-20,DMA19,8968,8968
2024-03-20,DMA20,5476,5476
2024-03-21,DMA1,5791,5791
2024-03-21,DMA2,7123,7123
2024-03-21,DMA3,6896,6896
2024-03-21,DMA4,7363,7363
2024-03-21,DMA5,6453,6453
2024-03-21,DMA6,7534,7534
2024-03-21,DMA7,8997,8997
2024-03-21,DMA8,6949,6949
2024-03-21,DMA9,5752,5752
2024-03-21,DMA10,7321,7321
2024-03-21,DMA11,7230,7230
2024-03-21,DMA12,7230,7230
2024-03-21,DMA13,7810,7810
2024-03-21,DMA14,5809,5809
2024-03-21,DMA15,6869,6869
2024-03-21,DMA16,7176,7176
2024-03-21,DMA17,6391,6391
2024-03-21,DMA18,6820,6820
2024-03-21,DMA19,7912,7912
2024-03-21,DMA20,8798,8798
2024-03-22,DMA1,8799,8799
2024-03-22,DMA2,8634,8634
2024-03-22,DMA3,5441,5441
2024-03-22,DMA4,6338,6338
2024-03-22,DMA5,5513,5513
2024-03-22,DMA6,8025,8025
2024-03-22,DMA7,8444,8444
2024-03-22,DMA8,5610,5610
2024-03-22,DMA9,8605,8605
2024-03-22,DMA10,5446,5446
2024-03-22,DMA11,6275,6275
2024-03-22,DMA12,6100,6100
2024-03-22,DMA13,8323,8323
2024-03-22,DMA14,8905,8905
2024-03-22,DMA15,6357,6357
2024-03-22,DMA16,6655,6655
2024-03-22,DMA17,8472,8472
2024-03-22,DMA18,6002,6002
2024-03-22,DMA19,8775,8775
2024-03-22,DMA20,6945,6945
2024-03-23,DMA1,8259,8259
2024-03-23,DMA2,5705,5705
2024-03-23,DMA3,5287,5287
2024-03-23,DMA4,8983,8983
2024-03-23,DMA5,7527,7527
2024-03-23,DMA6,5715,5715
2024-03-23,DMA7,6754,6754
2024-03-23,DMA8,5800,5800
2024-03-23,DMA9,5292,5292
2024-03-23,DMA10,8391,8391
2024-03-23,DMA11,7304,7304
2024-03-23,DMA12,7759,7759
2024-03-23,DMA13,7328,7328
2024-03-23,DMA14,7582,7582
2024-03-23,DMA15,8259,8259
2024-03-23,DMA16,7458,7458
2024-03-23,DMA17,8069,8069
2024-03-23,DMA18,6661,6661
2024-03-23,DMA19,8584,8584
2024-03-23,DMA20,8477,8477
2024-03-24,DMA1,6183,6183
2024-03-24,DMA2,7287,7287
2024-03-24,DMA3,5838,5838
2024-03-24,DMA4,7672,7672
2024-03-24,DMA5,6739,6739
2024-03-24,DMA6,7974,7974
2024-03-24,DMA7,8924,8924
2024-03-24,DMA8,8156,8156
2024-03-24,DMA9,8008,8008
2024-03-24,DMA10,6844,6844
2024-03-24,DMA11,5740,5740
2024-03-24,DMA12,8964,8964
2024-03-24,DMA13,6981,6981
2024-03-24,DMA14,6031,6031
2024-03-24,DMA15,6391,6391
2024-03-24,DMA16,5221,5221
2024-03-24,DMA17,8199,8199
2024-03-24,DMA18,6619,6619
2024-03-24,DMA19,6535,6535
2024-03-24,DMA20,8116,8116
2024-03-25,DMA1,8232,8232
2024-03-25,DMA2,6984,6984
2024-03-25,DMA3,7242,7242
2024-03-25,DMA4,8045,8045
2024-03-25,DMA5,7716,7716
2024-03-25,DMA6,7930,7930
2024-03-25,DMA7,5081,5081
2024-03-25,DMA8,7162,7162
2024-03-25,DMA9,6525,6525
2024-03-25,DMA10,7689,7689
2024-03-25,DMA11,5037,5037
2024-03-25,DMA12,6876,6876
2024-03-25,DMA13,7458,7458
2024-03-25,DMA14,7220,7220
2024-03-25,DMA15,5752,5752
2024-03-25,DMA16,8807,8807
2024-03-25,DMA17,5786,5786
2024-03-25,DMA18,8308,8308
2024-03-25,DMA19,8059,8059
2024-03-25,DMA20,7647,7647
2024-03-26,DMA1,6756,6756
2024-03-26,DMA2,8702,8702
2024-03-26,DMA3,5326,5326
2024-03-26,DMA4,7735,7735
2024-03-26,DMA5,8396,8396
2024-03-26,DMA6,7890,7890
2024-03-26,DMA7,5623,5623
2024-03-26,DMA8,7570,7570
2024-03-26,DMA9,5642,5642
2024-03-26,DMA10,5888,5888
2024-03-26,DMA11,8696,8696
2024-03-26,DMA12,5360,5360
2024-03-26,DMA13,7943,7943
2024-03-26,DMA14,8277,8277
2024-03-26,DMA15,5769,5769
2024-03-26,DMA16,7174,7174
2024-03-26,DMA17,8249,8249
2024-03-26,DMA18,8235,8235
2024-03-26,DMA19,5125,5125
2024-03-26,DMA20,4892,4892
2024-03-27,DMA1,8646,8646
2024-03-27,DMA2,7071,7071
2024-03-27,DMA3,7737,7737
2024-03-27,DMA4,5188,5188
2024-03-27,DMA5,7508,7508
2024-03-27,DMA6,7598,7598
2024-03-27,DMA7,7609,7609
2024-03-27,DMA8,8222,8222
2024-03-27,DMA9,7108,7108
2024-03-27,DMA10,7686,7686
2024-03-27,DMA11,5165,5165
2024-03-27,DMA12,8770,8770
2024-03-27,DMA13,8480,8480
2024-03-27,DMA14,7856,7856
2024-03-27,DMA15,7890,7890
2024-03-27,DMA16,6793,6793
2024-03-27,DMA17,5997,5997
2024-03-27,DMA18,6071,6071
2024-03-27,DMA19,5471,5471
2024-03-27,DMA20,7748,7748
2024-03-28,DMA1,4997,4997
2024-03-28,DMA2,8443,8443
2024-03-28,DMA3,7483,7483
2024-03-28,DMA4,6391,6391
2024-03-28,DMA5,5731,5731
2024-03-28,DMA6,7371,7371
2024-03-28,DMA7,4960,4960
2024-03-28,DMA8,8389,8389
2024-03-28,DMA9,6760,6760
2024-03-28,DMA10,7500,7500
2024-03-28,DMA11,4766,4766
2024-03-28,DMA12,5490,5490
2024-03-28,DMA13,7276,7276
2024-03-28,DMA14,6060,6060
2024-03-28,DMA15,8122,8122
2024-03-28,DMA16,6375,6375
2024-03-28,DMA17,4796,4796
2024-03-28,DMA18,8574,8574
2024-03-28,DMA19,5347,5347
2024-03-28,DMA20,6070,6070
2024-03-29,DMA1,6412,6412
2024-03-29,DMA2,4829,4829
2024-03-29,DMA3,7301,7301
2024-03-29,DMA4,4860,4860
2024-03-29,DMA5,6927,6927
2024-03-29,DMA6,4528,4528
2024-03-29,DMA7,5023,5023
2024-03-29,DMA8,7106,7106
2024-03-29,DMA9,6133,6133
2024-03-29,DMA10,5278,5278
2024-03-29,DMA11,6023,6023
2024-03-29,DMA12,7271,7271
2024-03-29,DMA13,6957,6957
2024-03-29,DMA14,6293,6293
2024-03-29,DMA15,5516,5516
2024-03-29,DMA16,7716,7716
2024-03-29,DMA17,7074,7074
2024-03-29,DMA18,6483,6483
2024-03-29,DMA19,7366,7366
2024-03-29,DMA20,6575,6575
2024-03-30,DMA1,4429,4429
2024-03-30,DMA2,7350,7350
2024-03-30,DMA3,6919,6919
2024-03-30,DMA4,6070,6070
2024-03-30,DMA5,6532,6532
2024-03-30,DMA6,4911,4911
2024-03-30,DMA7,7324,7324
2024-03-30,DMA8,4451,4451
2024-03-30,DMA9,6875,6875
2024-03-30,DMA10,8287,8287
2024-03-30,DMA11,6514,6514
2024-03-30,DMA12,7261,7261
2024-03-30,DMA13,4917,4917
2024-03-30,DMA14,6731,6731
2024-03-30,DMA15,6863,6863
2024-03-30,DMA16,6044,6044
2024-03-30,DMA17,4749,4749
2024-03-30,DMA18,7644,7644
2024-03-30,DMA19,5767,5767
2024-03-30,DMA20,7126,7126
2024-03-31,DMA1,4990,4990
2024-03-31,DMA2,6894,6894
2024-03-31,DMA3,6391,6391
2024-03-31,DMA4,5961,5961
2024-03-31,DMA5,6079,6079
2024-03-31,DMA6,4250,4250
2024-03-31,DMA7,6436,6436
2024-03-31,DMA8,6092,6092
2024-03-31,DMA9,4797,4797
2024-03-31,DMA10,7629,7629
2024-03-31,DMA11,5652,5652
2024-03-31,DMA12,4458,4458
2024-03-31,DMA13,5083,5083
2024-03-31,DMA14,5052,5052
2024-03-31,DMA15,7567,7567
2024-03-31,DMA16,6583,6583
2024-03-31,DMA17,5760,5760
2024-03-31,DMA18,5321,5321
2024-03-31,DMA19,4716,4716
2024-03-31,DMA20,4898,4898
2024-04-01,DMA1,6110,6110
2024-04-01,DMA2,5969,5969
2024-04-01,DMA3,4367,4367
2024-04-01,DMA4,6026,6026
2024-04-01,DMA5,7327,7327
2024-04-01,DMA6,5456,5456
2024-04-01,DMA7,4574,4574
2024-04-01,DMA8,7633,7633
2024-04-01,DMA9,7311,7311
2024-04-01,DMA10,7509,7509
2024-04-01,DMA11,4799,4799
2024-04-01,DMA12,5724,5724
2024-04-01,DMA13,5042,5042
2024-04-01,DMA14,7118,7118
2024-04-01,DMA15,6048,6048
2024-04-01,DMA16,8049,8049
2024-04-01,DMA17,4326,4326
2024-04-01,DMA18,7970,7970
2024-04-01,DMA19,8065,8065
2024-04-01,DMA20,5592,5592
2024-04-02,DMA1,4476,4476
2024-04-02,DMA2,6533,6533
2024-04-02,DMA3,7909,7909
2024-04-02,DMA4,4222,4222
2024-04-02,DMA5,7515,7515
2024-04-02,DMA6,7598,7598
2024-04-02,DMA7,5989,5989
2024-04-02,DMA8,5336,5336
2024-04-02,DMA9,4683,4683
2024-04-02,DMA10,6315,6315
2024-04-02,DMA11,7178,7178
2024-04-02,DMA12,6689,6689
2024-04-02,DMA13,6472,6472
2024-04-02,DMA14,7190,7190
2024-04-02,DMA15,5179,5179
2024-04-02,DMA16,5292,5292
2024-04-02,DMA17,7291,7291
2024-04-02,DMA18,5500,5500
2024-04-02,DMA19,4421,4421
2024-04-02,DMA20,6569,6569
2024-04-03,DMA1,6990,6990
2024-04-03,DMA2,7561,7561
2024-04-03,DMA3,4069,4069
2024-04-03,DMA4,4230,4230
2024-04-03,DMA5,5893,5893
2024-04-03,DMA6,5129,5129
2024-04-03,DMA7,5412,5412
2024-04-03,DMA8,4991,4991
2024-04-03,DMA9,5423,5423
2024-04-03,DMA10,6115,6115
2024-04-03,DMA11,7246,7246
2024-04-03,DMA12,7633,7633
2024-04-03,DMA13,5791,5791
2024-04-03,DMA14,5712,5712
2024-04-03,DMA15,5487,5487
2024-04-03,DMA16,5377,5377
2024-04-03,DMA17,4915,4915
2024-04-03,DMA18,4734,4734
2024-04-03,DMA19,7267,7267
2024-04-03,DMA20,6614,6614
2024-04-04,DMA1,4369,4369
2024-04-04,DMA2,3877,3877
2024-04-04,DMA3,4079,4079
2024-04-04,DMA4,4043,4043
2024-04-04,DMA5,6548,6548
2024-04-04,DMA6,3695,3695
2024-04-04,DMA7,6490,6490
2024-04-04,DMA8,7118,7118
2024-04-04,DMA9,5662,5662
2024-04-04,DMA10,5661,5661
2024-04-04,DMA11,4485,4485
2024-04-04,DMA12,3992,3992
2024-04-04,DMA13,7443,7443
2024-04-04,DMA14,6292,6292
2024-04-04,DMA15,7365,7365
2024-04-04,DMA16,6528,6528
2024-04-04,DMA17,7168,7168
2024-04-04,DMA18,6870,6870
2024-04-04,DMA19,6652,6652
2024-04-04,DMA20,7092,7092
2024-04-05,DMA1,6958,6958
2024-04-05,DMA2,6931,6931
2024-04-05,DMA3,4702,4702
2024-04-05,DMA4,5160,5160
2024-04-05,DMA5,6514,6514
2024-04-05,DMA6,6799,6799
2024-04-05,DMA7,6502,6502
2024-04-05,DMA8,5747,5747
2024-04-05,DMA9,5547,5547
2024-04-05,DMA10,6042,6042
2024-04-05,DMA11,6213,6213
2024-04-05,DMA12,7376,7376
2024-04-05,DMA13,3538,3538
2024-04-05,DMA14,6668,6668
2024-04-05,DMA15,5499,5499
2024-04-05,DMA16,6296,6296
2024-04-05,DMA17,4549,4549
2024-04-05,DMA18,5565,5565
2024-04-05,DMA19,4256,4256
2024-04-05,DMA20,6150,6150
2024-04-06,DMA1,5830,5830
2024-04-06,DMA2,6119,6119
2024-04-06,DMA3,4344,4344
2024-04-06,DMA4,5496,5496
2024-04-06,DMA5,6162,6162
2024-04-06,DMA6,3458,3458
2024-04-06,DMA7,6793,6793
2024-04-06,DMA8,5092,5092
2024-04-06,DMA9,4758,4758
2024-04-06,DMA10,5604,5604
2024-04-06,DMA11,6300,6300
2024-04-06,DMA12,3846,3846
2024-04-06,DMA13,6224,6224
2024-04-06,DMA14,3519,3519
2024-04-06,DMA15,5258,5258
2024-04-06,DMA16,6842,6842
2024-04-06,DMA17,3669,3669
2024-04-06,DMA18,4253,4253
2024-04-06,DMA19,4822,4822
2024-04-06,DMA20,3653,3653
2024-04-07,DMA1,3870,3870
2024-04-07,DMA2,6118,6118
2024-04-07,DMA3,5088,5088
2024-04-07,DMA4,6998,6998
2024-04-07,DMA5,4472,4472
2024-04-07,DMA6,6988,6988
2024-04-07,DMA7,5072,5072
2024-04-07,DMA8,6055,6055
2024-04-07,DMA9,4536,4536
2024-04-07,DMA10,3152,3152
2024-04-07,DMA11,5785,5785
2024-04-07,DMA12,5766,5766
2024-04-07,DMA13,4847,4847
2024-04-07,DMA14,5485,5485
2024-04-07,DMA15,6661,6661
2024-04-07,DMA16,4479,4479
2024-04-07,DMA17,4720,4720
2024-04-07,DMA18,5371,5371
2024-04-07,DMA19,3560,3560
2024-04-07,DMA20,5165,5165
2024-04-08,DMA1,4803,4803
2024-04-08,DMA2,4241,4241
2024-04-08,DMA3,6624,6624
2024-04-08,DMA4,3937,3937
2024-04-08,DMA5,4622,4622
2024-04-08,DMA6,5631,5631
2024-04-08,DMA7,5758,5758
2024-04-08,DMA8,6621,6621
2024-04-08,DMA9,4024,4024
2024-04-08,DMA10,3287,3287
2024-04-08,DMA11,5506,5506
2024-04-08,DMA12,3006,3006
2024-04-08,DMA13,5221,5221
2024-04-08,DMA14,6392,6392
2024-04-08,DMA15,4427,4427
2024-04-08,DMA16,4037,4037
2024-04-08,DMA17,4789,4789
2024-04-08,DMA18,6210,6210
2024-04-08,DMA19,3149,3149
2024-04-08,DMA20,6454,6454
2024-04-09,DMA1,5280,5280
2024-04-09,DMA2,3830,3830
2024-04-09,DMA3,3002,3002
2024-04-09,DMA4,5432,5432
2024-04-09,DMA5,5302,5302
2024-04-09,DMA6,3183,3183
2024-04-09,DMA7,6676,6676
2024-04-09,DMA8,6620,6620
2024-04-09,DMA9,6408,6408
2024-04-09,DMA10,5040,5040
2024-04-09,DMA11,6198,6198
2024-04-09,DMA12,6641,6641
2024-04-09,DMA13,5639,5639
2024-04-09,DMA14,2850,2850
2024-04-09,DMA15,4320,4320
2024-04-09,DMA16,5210,5210
2024-04-09,DMA17,3103,3103
2024-04-09,DMA18,6694,6694
2024-04-09,DMA19,5270,5270
2024-04-09,DMA20,5609,5609
2024-04-10,DMA1,4459,4459
2024-04-10,DMA2,3415,3415
2024-04-10,DMA3,4218,4218
2024-04-10,DMA4,4181,4181
2024-04-10,DMA5,6477,6477
2024-04-10,DMA6,2997,2997
2024-04-10,DMA7,4920,4920
2024-04-10,DMA8,4643,4643
2024-04-10,DMA9,5443,5443
2024-04-10,DMA10,4634,4634
2024-04-10,DMA11,4153,4153
2024-04-10,DMA12,5799,5799
2024-04-10,DMA13,5848,5848
2024-04-10,DMA14,3966,3966
2024-04-10,DMA15,4859,4859
2024-04-10,DMA16,6242,6242
2024-04-10,DMA17,3291,3291
2024-04-10,DMA18,3550,3550
2024-04-10,DMA19,4799,4799
2024-04-10,DMA20,2822,2822
2024-04-11,DMA1,3475,3475
2024-04-11,DMA2,5800,5800
2024-04-11,DMA3,6022,6022
2024-04-11,DMA4,4894,4894
2024-04-11,DMA5,3128,3128
2024-04-11,DMA6,2656,2656
2024-04-11,DMA7,5898,5898
2024-04-11,DMA8,4379,4379
2024-04-11,DMA9,4523,4523
2024-04-11,DMA10,5176,5176
2024-04-11,DMA11,6304,6304
2024-04-11,DMA12,2614,2614
2024-04-11,DMA13,3984,3984
2024-04-11,DMA14,2565,2565
2024-04-11,DMA15,5120,5120
2024-04-11,DMA16,5836,5836
2024-04-11,DMA17,3041,3041
2024-04-11,DMA18,6180,6180
2024-04-11,DMA19,5171,5171
2024-04-11,DMA20,3651,3651
2024-04-12,DMA1,4109,4109
2024-04-12,DMA2,5941,5941
2024-04-12,DMA3,3253,3253
2024-04-12,DMA4,3873,3873
2024-04-12,DMA5,3794,3794
2024-04-12,DMA6,5870,5870
2024-04-12,DMA7,3221,3221
2024-04-12,DMA8,5589,5589
2024-04-12,DMA9,4278,4278
2024-04-12,DMA10,5330,5330
2024-04-12,DMA11,2681,2681
2024-04-12,DMA12,3579,3579
2024-04-12,DMA13,3523,3523
2024-04-12,DMA14,5687,5687
2024-04-12,DMA15,3040,3040
2024-04-12,DMA16,2415,2415
2024-04-12,DMA17,5361,5361
2024-04-12,DMA18,5003,5003
2024-04-12,DMA19,6223,6223
2024-04-12,DMA20,3101,3101
2024-04-13,DMA1,5237,5237
2024-04-13,DMA2,3094,3094
2024-04-13,DMA3,3540,3540
2024-04-13,DMA4,2589,2589
2024-04-13,DMA5,4400,4400
2024-04-13,DMA6,2373,2373
2024-04-13,DMA7,2643,2643
2024-04-13,DMA8,2889,2889
2024-04-13,DMA9,3986,3986
2024-04-13,DMA10,4251,4251
2024-04-13,DMA11,3743,3743
2024-04-13,DMA12,5218,5218
2024-04-13,DMA13,3282,3282
2024-04-13,DMA14,5888,5888
2024-04-13,DMA15,3894,3894
2024-04-13,DMA16,2920,2920
2024-04-13,DMA17,2736,2736
2024-04-13,DMA18,2742,2742
2024-04-13,DMA19,4773,4773
2024-04-13,DMA20,4202,4202
2024-04-14,DMA1,2961,2961
2024-04-14,DMA2,4455,4455
2024-04-14,DMA3,3616,3616
2024-04-14,DMA4,3730,3730
2024-04-14,DMA5,3044,3044
2024-04-14,DMA6,2777,2777
2024-04-14,DMA7,4984,4984
2024-04-14,DMA8,5450,5450
2024-04-14,DMA9,4018,4018
2024-04-14,DMA10,4810,4810
2024-04-14,DMA11,2609,2609
2024-04-14,DMA12,3317,3317
2024-04-14,DMA13,5315,5315
2024-04-14,DMA14,4058,4058
2024-04-14,DMA15,3843,3843
2024-04-14,DMA16,5706,5706
2024-04-14,DMA17,4278,4278
2024-04-14,DMA18,2578,2578
2024-04-14,DMA19,3318,3318
2024-04-14,DMA20,4459,4459
2024-04-15,DMA1,3533,3533
2024-04-15,DMA2,3947,3947
2024-04-15,DMA3,5414,5414
2024-04-15,DMA4,5743,5743
2024-04-15,DMA5,4234,4234
2024-04-15,DMA6,2981,2981
2024-04-15,DMA7,2243,2243
2024-04-15,DMA8,4376,4376
2024-04-15,DMA9,3110,3110
2024-04-15,DMA10,3079,3079
2024-04-15,DMA11,5102,5102
2024-04-15,DMA12,4010,4010
2024-04-15,DMA13,3254,3254
2024-04-15,DMA14,4924,4924
2024-04-15,DMA15,5999,5999
2024-04-15,DMA16,4352,4352
2024-04-15,DMA17,5099,5099
2024-04-15,DMA18,2271,2271
2024-04-15,DMA19,5203,5203
2024-04-15,DMA20,3252,3252
2024-04-16,DMA1,4238,4238
2024-04-16,DMA2,4102,4102
2024-04-16,DMA3,2433,2433
2024-04-16,DMA4,2501,2501
2024-04-16,DMA5,5657,5657
2024-04-16,DMA6,3825,3825
2024-04-16,DMA7,3333,3333
2024-04-16,DMA8,3209,3209
2024-04-16,DMA9,5182,5182
2024-04-16,DMA10,5179,5179
2024-04-16,DMA11,2978,2978
2024-04-16,DMA12,1991,1991
2024-04-16,DMA13,5008,5008
2024-04-16,DMA14,2256,2256
2024-04-16,DMA15,2920,2920
2024-04-16,DMA16,2574,2574
2024-04-16,DMA17,3523,3523
2024-04-16,DMA18,5287,5287
2024-04-16,DMA19,1964,1964
2024-04-16,DMA20,4272,4272
2024-04-17,DMA1,3204,3204
2024-04-17,DMA2,5553,5553
2024-04-17,DMA3,2120,2120
2024-04-17,DMA4,1953,1953
2024-04-17,DMA5,2119,2119
2024-04-17,DMA6,2847,2847
2024-04-17,DMA7,3615,3615
2024-04-17,DMA8,4049,4049
2024-04-17,DMA9,3261,3261
2024-04-17,DMA10,4699,4699
2024-04-17,DMA11,4180,4180
2024-04-17,DMA12,5016,5016
2024-04-17,DMA13,3912,3912
2024-04-17,DMA14,2888,2888
2024-04-17,DMA15,2592,2592
2024-04-17,DMA16,3236,3236
2024-04-17,DMA17,3597,3597
2024-04-17,DMA18,2991,2991
2024-04-17,DMA19,2255,2255
2024-04-17,DMA20,1946,1946
2024-04-18,DMA1,5420,5420
2024-04-18,DMA2,2278,2278
2024-04-18,DMA3,3233,3233
2024-04-18,DMA4,5241,5241
2024-04-18,DMA5,5347,5347
2024-04-18,DMA6,3530,3530
2024-04-18,DMA7,2196,2196
2024-04-18,DMA8,5485,5485
2024-04-18,DMA9,5018,5018
2024-04-18,DMA10,5485,5485
2024-04-18,DMA11,3947,3947
2024-04-18,DMA12,4324,4324
2024-04-18,DMA13,5169,5169
2024-04-18,DMA14,1931,1931
2024-04-18,DMA15,2008,2008
2024-04-18,DMA16,3513,3513
2024-04-18,DMA17,1819,1819
2024-04-18,DMA18,3320,3320
2024-04-18,DMA19,5684,5684
2024-04-18,DMA20,1984,1984
2024-04-19,DMA1,2265,2265
2024-04-19,DMA2,2202,2202
2024-04-19,DMA3,5497,5497
2024-04-19,DMA4,5628,5628
2024-04-19,DMA5,4276,4276
2024-04-19,DMA6,2126,2126
2024-04-19,DMA7,5684,5684
2024-04-19,DMA8,4743,4743
2024-04-19,DMA9,3383,3383
2024-04-19,DMA10,4114,4114
2024-04-19,DMA11,4454,4454
2024-04-19,DMA12,4022,4022
2024-04-19,DMA13,4911,4911
2024-04-19,DMA14,3500,3500
2024-04-19,DMA15,3960,3960
2024-04-19,DMA16,5675,5675
2024-04-19,DMA17,5100,5100
2024-04-19,DMA18,4252,4252
2024-04-19,DMA19,1972,1972
2024-04-19,DMA20,5122,5122
2024-04-20,DMA1,2192,2192
2024-04-20,DMA2,1639,1639
2024-04-20,DMA3,1845,1845
2024-04-20,DMA4,837,837
2024-04-20,DMA5,4667,4667
2024-04-20,DMA6,4424,4424
2024-04-20,DMA7,3085,3085
2024-04-20,DMA8,3517,3517
2024-04-20,DMA9,2493,2493
2024-04-20,DMA10,4226,4226
2024-04-20,DMA11,4887,4887
2024-04-20,DMA12,5264,5264
2024-04-20,DMA13,2344,2344
2024-04-20,DMA14,3002,3002
2024-04-20,DMA15,4881,4881
2024-04-20,DMA16,3177,3177
2024-04-20,DMA17,2003,2003
2024-04-20,DMA18,3767,3767
2024-04-20,DMA19,4702,4702
2024-04-20,DMA20,2117,2117
2024-04-21,DMA1,2165,2165
2024-04-21,DMA2,1816,1816
2024-04-21,DMA3,1468,1468
2024-04-21,DMA4,1101,1101
2024-04-21,DMA5,5320,5320
2024-04-21,DMA6,4956,4956
2024-04-21,DMA7,4438,4438
2024-04-21,DMA8,1983,1983
2024-04-21,DMA9,1828,1828
2024-04-21,DMA10,5058,5058
2024-04-21,DMA11,2172,2172
2024-04-21,DMA12,2428,2428
2024-04-21,DMA13,3775,3775
2024-04-21,DMA14,3305,3305
2024-04-21,DMA15,4086,4086
2024-04-21,DMA16,4629,4629
2024-04-21,DMA17,3919,3919
2024-04-21,DMA18,1994,1994
2024-04-21,DMA19,3582,3582
2024-04-21,DMA20,4911,4911
2024-04-22,DMA1,1937,1937
2024-04-22,DMA2,2538,2538
2024-04-22,DMA3,986,986
2024-04-22,DMA4,2034,2034
2024-04-22,DMA5,3198,3198
2024-04-22,DMA6,4455,4455
2024-04-22,DMA7,3746,3746
2024-04-22,DMA8,5388,5388
2024-04-22,DMA9,3924,3924
2024-04-22,DMA10,3983,3983
2024-04-22,DMA11,4072,4072
2024-04-22,DMA12,2780,2780
2024-04-22,DMA13,5428,5428
2024-04-22,DMA14,3419,3419
2024-04-22,DMA15,2762,2762
2024-04-22,DMA16,5365,5365
2024-04-22,DMA17,3814,3814
2024-04-22,DMA18,1975,1975
2024-04-22,DMA19,2363,2363
2024-04-22,DMA20,3051,3051
2024-04-23,DMA1,1172,1172
2024-04-23,DMA2,1857,1857
2024-04-23,DMA3,2205,2205
2024-04-23,DMA4,960,960
2024-04-23,DMA5,4895,4895
2024-04-23,DMA6,3343,3343
2024-04-23,DMA7,4961,4961
2024-04-23,DMA8,3815,3815
2024-04-23,DMA9,5734,5734
2024-04-23,DMA10,4020,4020
2024-04-23,DMA11,3493,3493
2024-04-23,DMA12,3093,3093
2024-04-23,DMA13,2204,2204
2024-04-23,DMA14,4875,4875
2024-04-23,DMA15,2917,2917
2024-04-23,DMA16,5058,5058
2024-04-23,DMA17,1783,1783
2024-04-23,DMA18,3414,3414
2024-04-23,DMA19,4673,4673
2024-04-23,DMA20,2875,2875
2024-04-24,DMA1,1015,1015
2024-04-24,DMA2,1197,1197
2024-04-24,DMA3,1576,1576
2024-04-24,DMA4,2576,2576
2024-04-24,DMA5,3540,3540
2024-04-24,DMA6,4066,4066
2024-04-24,DMA7,3544,3544
2024-04-24,DMA8,2824,2824
2024-04-24,DMA9,5157,5157
2024-04-24,DMA10,4262,4262
2024-04-24,DMA11,1842,1842
2024-04-24,DMA12,4697,4697
2024-04-24,DMA13,5548,5548
2024-04-24,DMA14,3343,3343
2024-04-24,DMA15,4231,4231
2024-04-24,DMA16,5267,5267
2024-04-24,DMA17,5496,5496
2024-04-24,DMA18,4940,4940
2024-04-24,DMA19,5777,5777
2024-04-24,DMA20,2091,2091
2024-04-25,DMA1,1880,1880
2024-04-25,DMA2,1839,1839
2024-04-25,DMA3,2629,2629
2024-04-25,DMA4,2209,2209
2024-04-25,DMA5,2318,2318
2024-04-25,DMA6,5120,5120
2024-04-25,DMA7,2492,2492
2024-04-25,DMA8,4149,4149
2024-04-25,DMA9,2613,2613
2024-04-25,DMA10,4734,4734
2024-04-25,DMA11,5153,5153
2024-04-25,DMA12,5672,5672
2024-04-25,DMA13,2707,2707
2024-04-25,DMA14,4783,4783
2024-04-25,DMA15,2572,2572
2024-04-25,DMA16,3497,3497
2024-04-25,DMA17,4225,4225
2024-04-25,DMA18,5196,5196
2024-04-25,DMA19,2647,2647
2024-04-25,DMA20,3685,3685
2024-04-26,DMA1,978,978
2024-04-26,DMA2,1149,1149
2024-04-26,DMA3,1070,1070
2024-04-26,DMA4,1094,1094
2024-04-26,DMA5,5476,5476
2024-04-26,DMA6,4584,4584
2024-04-26,DMA7,3892,3892
2024-04-26,DMA8,3018,3018
2024-04-26,DMA9,3630,3630
2024-04-26,DMA10,3955,3955
2024-04-26,DMA11,3925,3925
2024-04-26,DMA12,4120,4120
2024-04-26,DMA13,4984,4984
2024-04-26,DMA14,4170,4170
2024-04-26,DMA15,5245,5245
2024-04-26,DMA16,5717,5717
2024-04-26,DMA17,5291,5291
2024-04-26,DMA18,5273,5273
2024-04-26,DMA19,5446,5446
2024-04-26,DMA20,3818,3818
2024-04-27,DMA1,1631,1631
2024-04-27,DMA2,2371,2371
2024-04-27,DMA3,1909,1909
2024-04-27,DMA4,1726,1726
2024-04-27,DMA5,4043,4043
2024-04-27,DMA6,3484,3484
2024-04-27,DMA7,5680,5680
2024-04-27,DMA8,5657,5657
2024-04-27,DMA9,5301,5301
2024-04-27,DMA10,5781,5781
2024-04-27,DMA11,3293,3293
2024-04-27,DMA12,4842,4842
2024-04-27,DMA13,5957,5957
2024-04-27,DMA14,5479,5479
2024-04-27,DMA15,5299,5299
2024-04-27,DMA16,5048,5048
2024-04-27,DMA17,2955,2955
2024-04-27,DMA18,3316,3316
2024-04-27,DMA19,5473,5473
2024-04-27,DMA20,3499,3499
2024-04-28,DMA1,1590,1590
2024-04-28,DMA2,1740,1740
2024-04-28,DMA3,2345,2345
2024-04-28,DMA4,2656,2656
2024-04-28,DMA5,2890,2890
2024-04-28,DMA6,2741,2741
2024-04-28,DMA7,5082,5082
2024-04-28,DMA8,4004,4004
2024-04-28,DMA9,3460,3460
2024-04-28,DMA10,2338,2338
2024-04-28,DMA11,3158,3158
2024-04-28,DMA12,6094,6094
2024-04-28,DMA13,2707,2707
2024-04-28,DMA14,3422,3422
2024-04-28,DMA15,5371,5371
2024-04-28,DMA16,4174,4174
2024-04-28,DMA17,3808,3808
2024-04-28,DMA18,5498,5498
2024-04-28,DMA19,4054,4054
2024-04-28,DMA20,4782,4782
2024-04-29,DMA1,1915,1915
2024-04-29,DMA2,1031,1031
2024-04-29,DMA3,1468,1468
2024-04-29,DMA4,2577,2577
2024-04-29,DMA5,4522,4522
2024-04-29,DMA6,2775,2775
2024-04-29,DMA7,6114,6114
2024-04-29,DMA8,4141,4141
2024-04-29,DMA9,6128,6128
2024-04-29,DMA10,3465,3465
2024-04-29,DMA11,3825,3825
2024-04-29,DMA12,3145,3145
2024-04-29,DMA13,3322,3322
2024-04-29,DMA14,3187,3187
2024-04-29,DMA15,6050,6050
2024-04-29,DMA16,5531,5531
2024-04-29,DMA17,5196,5196
2024-04-29,DMA18,6245,6245
2024-04-29,DMA19,6031,6031
2024-04-29,DMA20,5808,5808
2024-04-30,DMA1,2530,2530
2024-04-30,DMA2,2546,2546
2024-04-30,DMA3,1616,1616
2024-04-30,DMA4,1457,1457
2024-04-30,DMA5,4714,4714
2024-04-30,DMA6,4526,4526
2024-04-30,DMA7,4124,4124
2024-04-30,DMA8,5806,5806
2024-04-30,DMA9,4144,4144
2024-04-30,DMA10,4023,4023
2024-04-30,DMA11,6004,6004
2024-04-30,DMA12,4735,4735
2024-04-30,DMA13,3339,3339
2024-04-30,DMA14,4654,4654
2024-04-30,DMA15,5625,5625
2024-04-30,DMA16,2801,2801
2024-04-30,DMA17,6189,6189
2024-04-30,DMA18,5082,5082
2024-04-30,DMA19,5939,5939
2024-04-30,DMA20,3449,3449
2024-05-01,DMA1,2257,2257
2024-05-01,DMA2,2180,2180
2024-05-01,DMA3,1450,1450
2024-05-01,DMA4,2457,2457
2024-05-01,DMA5,4174,4174
2024-05-01,DMA6,5295,5295
2024-05-01,DMA7,4399,4399
2024-05-01,DMA8,4358,4358
2024-05-01,DMA9,4508,4508
2024-05-01,DMA10,3195,3195
2024-05-01,DMA11,2837,2837
2024-05-01,DMA12,6332,6332
2024-05-01,DMA13,5330,5330
2024-05-01,DMA14,5116,5116
2024-05-01,DMA15,4326,4326
2024-05-01,DMA16,2949,2949
2024-05-01,DMA17,6170,6170
2024-05-01,DMA18,3699,3699
2024-05-01,DMA19,5515,5515
2024-05-01,DMA20,2837,2837
2024-05-02,DMA1,1751,1751
2024-05-02,DMA2,1394,1394
2024-05-02,DMA3,1555,1555
2024-05-02,DMA4,2314,2314
2024-05-02,DMA5,3714,3714
2024-05-02,DMA6,3224,3224
2024-05-02,DMA7,3717,3717
2024-05-02,DMA8,6213,6213
2024-05-02,DMA9,5064,5064
2024-05-02,DMA10,2724,2724
2024-05-02,DMA11,4082,4082
2024-05-02,DMA12,4439,4439
2024-05-02,DMA13,4544,4544
2024-05-02,DMA14,3330,3330
2024-05-02,DMA15,4564,4564
2024-05-02,DMA16,6478,6478
2024-05-02,DMA17,2781,2781
2024-05-02,DMA18,3490,3490
2024-05-02,DMA19,5217,5217
2024-05-02,DMA20,4817,4817
2024-05-03,DMA1,2640,2640
2024-05-03,DMA2,2428,2428
2024-05-03,DMA3,1711,1711
2024-05-03,DMA4,1562,1562
2024-05-03,DMA5,5276,5276
2024-05-03,DMA6,4961,4961
2024-05-03,DMA7,6863,6863
2024-05-03,DMA8,6096,6096
2024-05-03,DMA9,3267,3267
2024-05-03,DMA10,4380,4380
2024-05-03,DMA11,6559,6559
2024-05-03,DMA12,5491,5491
2024-05-03,DMA13,4420,4420
2024-05-03,DMA14,4185,4185
2024-05-03,DMA15,6796,6796
2024-05-03,DMA16,6497,6497
2024-05-03,DMA17,4395,4395
2024-05-03,DMA18,5105,5105
2024-05-03,DMA19,6133,6133
2024-05-03,DMA20,3768,3768
2024-05-04,DMA1,2438,2438
2024-05-04,DMA2,2843,2843
2024-05-04,DMA3,2094,2094
2024-05-04,DMA4,1780,1780
2024-05-04,DMA5,4451,4451
2024-05-04,DMA6,6001,6001
2024-05-04,DMA7,4487,4487
2024-05-04,DMA8,3285,3285
2024-05-04,DMA9,4063,4063
2024-05-04,DMA10,6026,6026
2024-05-04,DMA11,3733,3733
2024-05-04,DMA12,6736,6736
2024-05-04,DMA13,5954,5954
2024-05-04,DMA14,4822,4822
2024-05-04,DMA15,3508,3508
2024-05-04,DMA16,3616,3616
2024-05-04,DMA17,6004,6004
2024-05-04,DMA18,6015,6015
2024-05-04,DMA19,5151,5151
2024-05-04,DMA20,3204,3204
2024-05-05,DMA1,2630,2630
2024-05-05,DMA2,1750,1750
2024-05-05,DMA3,3232,3232
2024-05-05,DMA4,2337,2337
2024-05-05,DMA5,6588,6588
2024-05-05,DMA6,6445,6445
2024-05-05,DMA7,4893,4893
2024-05-05,DMA8,4250,4250
2024-05-05,DMA9,3939,3939
2024-05-05,DMA10,4796,4796
2024-05-05,DMA11,4715,4715
2024-05-05,DMA12,4644,4644
2024-05-05,DMA13,5194,5194
2024-05-05,DMA14,6934,6934
2024-05-05,DMA15,4187,4187
2024-05-05,DMA16,6769,6769
2024-05-05,DMA17,6213,6213
2024-05-05,DMA18,6784,6784
2024-05-05,DMA19,5267,5267
2024-05-05,DMA20,4096,4096
2024-05-06,DMA1,2843,2843
2024-05-06,DMA2,1948,1948
2024-05-06,DMA3,2356,2356
2024-05-06,DMA4,2692,2692
2024-05-06,DMA5,5113,5113
2024-05-06,DMA6,3664,3664
2024-05-06,DMA7,6187,6187
2024-05-06,DMA8,5110,5110
2024-05-06,DMA9,6437,6437
2024-05-06,DMA10,5488,5488
2024-05-06,DMA11,4994,4994
2024-05-06,DMA12,5547,5547
2024-05-06,DMA13,6648,6648
2024-05-06,DMA14,6567,6567
2024-05-06,DMA15,4921,4921
2024-05-06,DMA16,6130,6130
2024-05-06,DMA17,3500,3500
2024-05-06,DMA18,7224,7224
2024-05-06,DMA19,5212,5212
2024-05-06,DMA20,7183,7183
2024-05-07,DMA1,1706,1706
2024-05-07,DMA2,2173,2173
2024-05-07,DMA3,1718,1718
2024-05-07,DMA4,3239,3239
2024-05-07,DMA5,5658,5658
2024-05-07,DMA6,7509,7509
2024-05-07,DMA7,6906,6906
2024-05-07,DMA8,6551,6551
2024-05-07,DMA9,7140,7140
2024-05-07,DMA10,6545,6545
2024-05-07,DMA11,4295,4295
2024-05-07,DMA12,5023,5023
2024-05-07,DMA13,4364,4364
2024-05-07,DMA14,4203,4203
2024-05-07,DMA15,5283,5283
2024-05-07,DMA16,4849,4849
2024-05-07,DMA17,6650,6650
2024-05-07,DMA18,4524,4524
2024-05-07,DMA19,5069,5069
2024-05-07,DMA20,6157,6157
2024-05-08,DMA1,3476,3476
2024-05-08,DMA2,3040,3040
2024-05-08,DMA3,3454,3454
2024-05-08,DMA4,1877,1877
2024-05-08,DMA5,5041,5041
2024-05-08,DMA6,6802,6802
2024-05-08,DMA7,5036,5036
2024-05-08,DMA8,6008,6008
2024-05-08,DMA9,7613,7613
2024-05-08,DMA10,5124,5124
2024-05-08,DMA11,4124,4124
2024-05-08,DMA12,4114,4114
2024-05-08,DMA13,5224,5224
2024-05-08,DMA14,6476,6476
2024-05-08,DMA15,5871,5871
2024-05-08,DMA16,6497,6497
2024-05-08,DMA17,6374,6374
2024-05-08,DMA18,4790,4790
2024-05-08,DMA19,6247,6247
2024-05-08,DMA20,6297,6297
2024-05-09,DMA1,2867,2867
2024-05-09,DMA2,2661,2661
2024-05-09,DMA3,2141,2141
2024-05-09,DMA4,2753,2753
2024-05-09,DMA5,4044,4044
2024-05-09,DMA6,6931,6931
2024-05-09,DMA7,4826,4826
2024-05-09,DMA8,4199,4199
2024-05-09,DMA9,6049,6049
2024-05-09,DMA10,5730,5730
2024-05-09,DMA11,5544,5544
2024-05-09,DMA12,7337,7337
2024-05-09,DMA13,4981,4981
2024-05-09,DMA14,7534,7534
2024-05-09,DMA15,4456,4456
2024-05-09,DMA16,5726,5726
2024-05-09,DMA17,4328,4328
2024-05-09,DMA18,6657,6657
2024-05-09,DMA19,4650,4650
2024-05-09,DMA20,7371,7371
